{"schemaVersion":4,"source":{"uri":"models/environment/waving-grass.gltf","sha256":"433322a80adf8f3710ac04bb538c06a4403cd359f52d3d5e8910c24a57ad2435"},"animationNames":["idle"],"boundingBox":{"min":{"x":-0.25,"y":-0.06250000000000022,"z":-0.2047880110722481},"max":{"x":0.25,"y":0.4375000000000002,"z":0.2047880110722481}},"nodeNames":["bone","grass_plane_1","Grass","grass_plane_2","Grass_2","grass_plane_3","Grass_3",""],"trimesh":{"vertices":[0.25,0,0.25,0.25,0,-0.25,-0.25,0,-0.25,-0.25,0,0.25,0.25,0,0.25,0.25,0,-0.25,-0.25,0,-0.25,-0.25,0,0.25,0.25,0,0.25,0.25,0,-0.25,-0.25,0,-0.25,-0.25,0,0.25],"indices":[0,1,2,0,2,3,4,5,6,4,6,7,8,9,10,8,10,11]},"optimizedModelData":{"":{"meshCount":2},"-named-nodes":{"meshCount":2},"-no-animations":{"meshCount":2}}}